{
  "policy_joint_names": [
    "back_bkz",
    "l_arm_shy",
    "l_arm_shx",
    "l_arm_shz",
    "left_elbow",
    "r_arm_shy",
    "r_arm_shx",
    "r_arm_shz",
    "right_elbow",
    "hip_flexion_r",
    "hip_adduction_r",
    "hip_rotation_r",
    "knee_angle_r",
    "ankle_angle_r",
    "hip_flexion_l",
    "hip_adduction_l",
    "hip_rotation_l",
    "knee_angle_l",
    "ankle_angle_l"
  ],
  "default_joint_pos": [
    -0.048440657556056976,
    -0.19330625236034393,
    0.30773690342903137,
    -0.5069432258605957,
    0.5919666886329651,
    0.19487264752388,
    -0.28341370820999146,
    0.2978385090827942,
    0.9873810410499573,
    -0.5998456478118896,
    -0.1729332059621811,
    0.14452528953552246,
    0.5556554794311523,
    -0.06865623593330383,
    0.22026534378528595,
    -0.1693085879087448,
    -0.074944868683815,
    0.6950269341468811,
    -0.1117396131157875
  ],
  "control_type": "joint_position",
  "action_scale": 0,
  "stiffness": 260,
  "damping": 24,
  "observations": {
    "policy": [
      {
        "name": "BootIndicator"
      }
    ]
  }
}
